Code,Name,District,url,GEO,ENV,PHT,BM,CV,CSE,CSBS,IT,AIDS,AIML,CYS,ECO,EEE,ECE,VLSI,MC,MCH,CHE,AE,BT,FH,ID,MS,MI,MF,PP,CC,LT,PT,PD,RA,RP,IB,AT,EI,MT,IC,AP,TT
1516,THANTHAI PERIYAR GOVERNMENT INSTITUTE OF TECHNOLOGY,VELLORE,https://www.tpgit.edu.in/,0,0,0,0,1,1,0,0,0,0,0,0,1,1,0,0,1,0,0,0,0,0,0,0,0,0,0,0,0,0,1,0,0,0,0,0,0,0,0
2005,GOVERNMENT COLLEGE OF TECHNOLOGY ,COIMBATORE,https://www.gct.ac.in/,0,0,0,0,1,1,0,1,0,0,0,0,1,1,0,0,1,0,0,0,0,0,0,0,0,0,0,0,0,1,0,0,1,0,1,0,0,0,0
2369,GOVERNMENT COLLEGE OF ENGINEERING,DHARMAPURI,https://www.gcedpi.edu.in/,0,0,0,0,1,1,0,1,0,0,0,0,1,1,0,0,1,0,0,0,0,0,0,0,0,0,0,0,0,0,0,0,0,0,0,0,0,0,0
2603,GOVERNMENT COLLEGE OF ENGINEERING,KRISHNAGIRI,https://www.gcebargur.ac.in/,0,0,0,0,0,1,0,0,0,0,1,0,1,1,0,0,1,0,0,0,0,0,0,0,0,0,0,0,0,0,0,0,0,0,0,0,0,0,0
2615,GOVERNMENT COLLEGE OF ENGINEERING,SALEM,https://www.gcesalem.edu.in/,0,0,0,0,1,1,0,0,0,1,0,0,1,1,0,0,1,0,0,0,0,0,0,0,0,0,0,0,0,0,0,0,0,0,0,1,0,0,0
2709,GOVERNMENT COLLEGE OF ENGINEERING,ERODE,https://www.gcee.ac.in/,0,0,0,0,1,1,0,1,1,0,0,0,1,1,0,0,1,0,0,0,0,0,0,0,0,0,0,0,0,0,0,0,0,1,0,0,0,0,0
3464,GOVERNMENT COLLEGE OF ENGINEERING,THANJAVUR,https://www.gcetj.edu.in/,0,0,0,0,1,1,0,0,0,0,0,0,1,1,0,0,1,0,0,0,0,0,0,0,0,0,0,0,0,0,0,0,0,1,0,0,0,0,0
3465,GOVERNMENT COLLEGE OF ENGINEERING,TRICHY,https://www.gces.edu.in/,0,0,0,0,1,1,0,0,0,0,0,0,1,1,0,1,1,0,0,0,0,0,0,0,0,0,0,0,0,0,0,0,0,0,0,0,0,0,0
4974,GOVERNMENT COLLEGE OF ENGINEERING,TIRUNELVELI,https://www.gcetly.ac.in/,0,0,0,0,1,1,0,0,0,0,0,0,1,1,0,0,1,0,0,0,0,0,0,0,0,0,0,0,0,0,0,0,0,0,0,0,0,0,0
5009,GOVERNMENT COLLEGE OF ENGINEERING,THENI,https://www.gcebodi.ac.in/,0,0,0,0,1,1,0,0,1,0,0,0,1,1,0,0,1,0,0,0,0,0,0,0,0,0,0,0,0,0,0,0,0,0,0,0,0,0,0
5901,ALAGAPPA CHETTAIR GOVERNMENT COLLEGE OF ENGINEERING AND TECHNOLOGY ,SIVAGANGAI,https://accet.ac.in/,0,0,0,0,1,1,0,1,0,0,0,0,1,1,0,0,1,0,0,0,0,0,0,0,0,0,0,0,0,0,0,0,0,0,0,0,0,0,0
2006,PSG COLLEGE OF TECHNOLOGY ,COIMBATORE,https://www.psgtech.edu/,0,0,0,1,1,1,0,1,0,1,0,0,1,1,0,0,1,0,0,1,1,0,0,0,0,0,0,0,0,1,1,0,0,1,0,1,1,0,0
2007,COIMBATORE INSTITUTE OF TECHNOLOGY ,COIMBATORE,https://www.cit.edu.in/,0,0,0,0,1,1,0,1,1,0,0,0,1,1,0,0,0,1,0,0,0,0,0,0,0,0,0,0,0,0,0,0,0,0,0,0,0,0,0
5008,THIAGARAJAR COLLEGE OF ENGINEERING ,MADURAI,https://www.tce.edu/,0,0,0,0,1,1,1,1,0,1,0,0,1,1,0,1,1,0,0,0,0,0,0,0,0,0,0,0,0,0,0,0,0,0,0,0,0,0,0
1013,UNIVERSITY COLLEGE OF ENGINEERING,VILLUPURAM,https://www.aucev.edu.in/,0,0,0,0,0,1,0,1,0,0,1,0,0,1,0,0,1,0,0,0,0,0,0,0,0,0,0,0,0,0,0,0,0,0,0,0,0,0,0
1014,UNIVERSITY COLLEGE OF ENGINEERING,VILLUPURAM,https://www.aucet.in/,0,0,0,0,1,1,0,1,0,0,0,1,0,1,0,0,0,0,0,0,0,0,0,0,0,0,0,0,0,0,0,0,0,0,0,0,0,0,0
"
1015",UNIVERSITY COLLEGE OF ENGINEERING,THIRUVANNAMALAI,https://www.aucearni.in/,0,0,0,0,0,1,0,0,0,0,0,0,1,1,0,0,1,0,0,0,0,0,0,0,0,0,0,0,0,0,0,0,0,0,0,0,0,0,0
1026,UNIVERSITY COLLEGE OF ENGINEERING,KANCHEEPURAM,http://www.aucek.in/,0,0,0,0,0,1,0,0,0,0,1,0,1,1,0,0,1,0,0,0,0,0,0,0,0,0,0,0,0,0,0,0,0,0,0,0,0,0,0
3011,UNIVERSITY COLLEGE OF ENGINEERING,TIRUCHIRAPPALLI,https://www.aubit.edu.in/,0,1,1,0,1,1,0,1,1,1,0,1,1,1,1,0,1,0,0,1,0,0,0,0,0,0,0,0,1,0,0,0,0,1,0,0,0,0,0
3016,UNIVERSITY COLLEGE OF ENGINEERING,ARIYALUR,https://www.auucea.edu.in/,0,0,0,0,1,1,0,0,0,0,0,0,1,1,0,0,1,0,0,0,0,0,0,0,0,0,0,0,0,0,0,0,0,0,0,0,0,0,0
3018,UNIVERSITY COLLEGE OF ENGINEERING,NAGAPPATTINAM,https://www.aucetk.edu.in/,0,0,0,0,1,1,0,0,1,0,0,1,1,1,0,0,1,0,0,0,0,0,0,0,0,0,0,0,0,0,0,0,0,0,0,0,0,0,0
3019,UNIVERSITY COLLEGE OF ENGINEERING,CUDDALORE,https://www.ucep.edu.in/,0,0,0,0,1,1,0,0,0,0,0,0,1,1,0,0,1,0,0,0,0,0,0,0,0,0,0,0,0,0,0,0,0,0,0,0,0,0,0
3021,UNIVERSITY COLLEGE OF ENGINEERING,THANJAVUR,https://www.aucepkt.edu.in/,0,0,0,0,1,1,0,0,0,0,0,0,1,1,0,0,1,0,0,0,0,0,0,0,0,0,0,0,0,0,0,0,0,0,0,0,0,0,0
4023,UNIVERSITY COLLEGE OF ENGINEERING,KANYAKUMARI,https://www.auttvl.ac.in/,0,0,0,0,1,1,0,1,0,0,0,0,1,1,0,0,1,0,0,0,0,0,0,0,0,0,0,0,0,0,0,0,0,0,0,0,0,0,0
5017,UNIVERSITY COLLEGE OF ENGINEERING,RAMANATHAPURAM,https://www.aucermd.edu.in/,0,0,0,0,1,1,0,0,0,0,0,0,1,1,0,0,1,0,0,0,0,0,0,0,0,0,0,0,0,0,0,0,0,0,0,0,0,0,0
5022,UNIVERSITY COLLEGE OF ENGINEERING,DINDIGUL,https://www.auucedgl.ac.in/,0,0,0,0,1,1,0,0,0,0,0,0,1,1,0,0,1,0,0,0,0,0,0,0,0,0,0,0,0,0,0,0,0,0,0,0,0,0,0
4024,UNIVERSITY V.O.C. COLLEGE OF ENGINEERING,THOOTHUKUDI,http://annaunivtut.in/,1,0,0,0,1,0,0,0,0,0,0,0,1,1,0,0,1,0,0,0,0,0,0,0,0,0,0,0,0,0,0,0,0,0,0,0,0,0,0
5010,ANNA UNIVERSITY REGIONAL CAMPUS,MADURAI,,0,0,0,0,1,1,0,0,0,1,0,0,1,1,0,0,1,0,0,0,0,0,0,0,0,0,0,0,0,0,0,0,0,0,0,0,0,0,0
"
4020","
ANNA UNIVERSITY REGIONAL CAMPUS",TIRUNELVELI,https://www.auttvl.ac.in/,1,0,0,0,0,1,0,0,1,0,0,0,0,1,0,0,1,0,0,0,0,0,0,0,0,0,0,0,0,0,0,0,0,0,0,0,0,0,0
"
2025","
ANNA UNIVERSITY REGIONAL CAMPUS",COIMBATORE,http://www.aurcc.ac.in/,0,0,0,0,0,1,0,0,1,0,0,0,1,1,1,0,1,0,0,0,0,0,0,0,0,0,0,0,0,0,0,0,0,0,0,0,0,0,0
1,CEG CAMPUS-UNIVERSITY DEPARTMENTS OF ANNA UNIVERSITY,CHENNAI,https://ceg.annauniv.edu/,1,0,0,1,1,1,0,1,0,0,0,0,1,1,0,0,1,0,0,0,0,1,1,1,1,1,0,0,0,0,0,0,0,0,0,0,0,0,0
2,ACT CAMPUS-UNIVERSITY DEPARTMENTS OF ANNA UNIVERSITY,CHENNAI,https://www.annauniv.edu/act/aboutus/index.html,0,0,1,0,0,0,0,0,0,0,0,0,0,0,0,0,0,1,0,0,0,0,0,0,0,0,1,1,1,0,0,0,1,0,0,0,0,1,1
4,MIT CAMPUS-UNIVERSITY DEPARTMENTS OF ANNA UNIVERSITY,CHENGALPATTU,https://www.mitindia.edu/,0,0,0,0,0,1,0,1,1,0,0,0,0,1,0,0,0,0,1,0,0,0,0,0,0,0,0,0,0,1,0,1,0,1,1,0,0,0,0
